N,101,101,101,102,102,102,103,103,103,104,104,104,105,105,105,106,106,106,
 1,   18,  0.000,  0.000,    4,  0.010,  0.004,   28,  0.180,  0.450,   29,  0.310,  0.072,   30,  0.120,  0.058,   13,  0.100,  0.033,
 2,   19,  0.120,  0.124,   10,  0.270,  0.101,   29,  0.180,  0.450,   30,  0.300,  0.070,   38,  0.460,  0.223,   21,  0.370,  0.123,
 3,   20,  0.040,  0.041,   11,  0.630,  0.235,   37,  0.040,  0.100,   37,  0.270,  0.063,   39,  0.420,  0.204,   22,  0.230,  0.076,
 4,   26,  0.170,  0.175,   18,  0.490,  0.183,,,,   38,  0.550,  0.128,   68,  0.010,  0.005,   29,  0.040,  0.013,
 5,   27,  0.510,  0.526,   19,  0.910,  0.340,,,,   67,  0.220,  0.051,   69,  0.540,  0.262,   30,  0.600,  0.199,
 6,   28,  0.110,  0.113,   20,  0.160,  0.060,,,,   68,  1.030,  0.240,   70,  0.160,  0.078,   31,  0.180,  0.060,
 7,   34,  0.020,  0.021,   26,  0.200,  0.075,,,,   69,  0.470,  0.110,   80,  0.310,  0.150,   38,  0.020,  0.007,
 8,,,,   27,  0.000,  0.000,,,,   70,  0.050,  0.012,   90,  0.040,  0.019,   39,  0.580,  0.192,
 9,,,,   28,  0.010,  0.004,,,,   77,  0.040,  0.009,,,,   40,  0.100,  0.033,
 10,,,,,,,,,,   78,  0.220,  0.051,,,,   69,  0.010,  0.003,
 11,,,,,,,,,,   79,  0.550,  0.128,,,,   70,  0.350,  0.116,
 12,,,,,,,,,,   80,  0.280,  0.065,,,,   80,  0.390,  0.129,
 13,,,,,,,,,,,,,,,,   81,  0.040,  0.013,
 14,,,,,,,,,,,,,,,,   90,  0.010,  0.003,
 15,,,,,,,,,,,,,,,,,,,
,
,
,
,
N,107,107,107,108,108,108,109,109,109,110,110,110,111,111,111,112,112,112,
 1,   80,  0.000,  0.000,  111,  0.070,  0.068,  136,  0.030,  0.019,  111,  0.090,  0.025,  174,  0.010,  0.001,  174,  0.200,  0.064,
 2,   81,  0.030,  0.022,  120,  0.260,  0.252,  144,  0.430,  0.272,  120,  0.080,  0.022,  180,  0.340,  0.049,  175,  0.010,  0.003,
 3,   90,  0.130,  0.096,  129,  0.350,  0.340,  145,  0.740,  0.468,  129,  0.110,  0.031,  181,  0.330,  0.048,  180,  0.030,  0.010,
 4,   91,  0.400,  0.294,  136,  0.330,  0.320,  155,  0.340,  0.215,  136,  0.350,  0.097,  186,  0.340,  0.049,  181,  0.160,  0.051,
 5,  100,  0.010,  0.007,  145,  0.010,  0.010,  201,  0.040,  0.025,  145,  0.220,  0.061,  187,  1.000,  0.145,  187,  0.010,  0.003,
 6,  101,  0.460,  0.338,  180,  0.010,  0.010,,,,  155,  0.010,  0.003,  188,  0.220,  0.032,  188,  0.450,  0.143,
 7,  111,  0.320,  0.235,,,,,,,  174,  0.270,  0.075,  191,  0.460,  0.067,  193,  0.410,  0.131,
 8,  174,  0.010,  0.007,,,,,,,  180,  0.690,  0.192,  192,  1.040,  0.151,  194,  0.340,  0.108,
 9,,,,,,,,,,  156,  0.690,  0.192,  193,  0.600,  0.087,  198,  0.480,  0.153,
 10,,,,,,,,,,  191,  0.600,  0.167,  196,  0.550,  0.080,  199,  0.470,  0.150,
 11,,,,,,,,,,  196,  0.460,  0.128,  197,  1.020,  0.148,  203,  0.360,  0.115,
 12,,,,,,,,,,  201,  0.030,  0.008,  198,  0.550,  0.080,  204,  0.130,  0.041,
 13,,,,,,,,,,,,,  201,  0.030,  0.004,  252,  0.070,  0.022,
 14,,,,,,,,,,,,,  202,  0.160,  0.023,  253,  0.020,  0.006,
 15,,,,,,,,,,,,,  203,  0.230,  0.033,,,,
,
,
,
,
N,115,115,115,116,116,116,118,118,118,119,119,119,120,120,120,121,121,121,
 1,  194,  0.270,  0.073,  252,  0.000,  0.000,  260,  0.040,  0.056,  270,  0.060,  0.222,  274,  0.070,  0.113,  267,  0.020,  0.018,
 2,  195,  0.610,  0.164,  253,  0.030,  0.019,  264,  0.510,  0.708,  271,  0.020,  0.074,  275,  0.020,  0.032,  270,  0.270,  0.243,
 3,  199,  0.550,  0.148,  256,  0.330,  0.208,  267,  0.170,  0.236,  274,  0.180,  0.667,  278,  0.350,  0.565,  273,  0.040,  0.036,
 4,  200,  0.460,  0.124,  257,  0.370,  0.233,,,,  275,  0.010,  0.037,  279,  0.180,  0.290,  274,  0.430,  0.387,
 5,  203,  0.010,  0.003,  260,  0.740,  0.465,,,,,,,,,,  277,  0.110,  0.099,
 6,  204,  0.880,  0.237,  261,  0.110,  0.069,,,,,,,,,,  278,  0.230,  0.207,
 7,  205,  0.040,  0.011,  264,  0.010,  0.006,,,,,,,,,,  281,  0.010,  0.009,
 8,  252,  0.020,  0.005,,,,,,,,,,,,,,,,
 9,  253,  0.800,  0.216,,,,,,,,,,,,,,,,
 10,  257,  0.070,  0.019,,,,,,,,,,,,,,,,
 11,,,,,,,,,,,,,,,,,,,
 12,,,,,,,,,,,,,,,,,,,
 13,,,,,,,,,,,,,,,,,,,
 14,,,,,,,,,,,,,,,,,,,
 15,,,,,,,,,,,,,,,,,,,
,
,
,
,
N,122,122,122,201,201,201,202,202,202,203,203,203,204,204,204,205,205,205,
 1,  278,  0.460,  0.754,   26,  0.010,  0.005,   27,  0.000,  0.000,   77,  0.160,  0.094,   97,  0.090,  0.030,   77,  0.040,  0.041,
 2,  279,  0.130,  0.213,   27,  0.530,  0.244,   29,  0.000,  0.000,   78,  0.240,  0.141,   98,  0.490,  0.164,   78,  0.360,  0.367,
 3,  281,  0.020,  0.033,   28,  0.510,  0.235,   35,  0.770,  0.251,   87,  0.210,  0.124,   99,  0.010,  0.003,   88,  0.350,  0.357,
 4,  282,  0.000,  0.000,   29,  0.000,  0.000,   36,  0.410,  0.134,   88,  0.600,  0.353,  107,  0.000,  0.000,   89,  0.050,  0.051,
 5,,,,   35,  0.150,  0.069,   37,  0.390,  0.127,   97,  0.050,  0.029,  108,  0.860,  0.288,   98,  0.080,  0.082,
 6,,,,   36,  0.630,  0.290,   65,  0.130,  0.042,   98,  0.440,  0.259,  109,  0.540,  0.181,   99,  0.100,  0.102,
 7,,,,   37,  0.340,  0.157,   66,  0.550,  0.179,,,,  117,  0.210,  0.070,,,,
 8,,,,   66,  0.000,  0.000,   67,  0.820,  0.267,,,,  118,  0.790,  0.264,,,,
 9,,,,,,,,,,,,,,,,,,,
 10,,,,,,,,,,,,,,,,,,,
 11,,,,,,,,,,,,,,,,,,,
 12,,,,,,,,,,,,,,,,,,,
 13,,,,,,,,,,,,,,,,,,,
 14,,,,,,,,,,,,,,,,,,,
 15,,,,,,,,,,,,,,,,,,,
,
,
,
,
N,206,206,206,207,207,207,208,208,208,209,209,209,210,210,210,211,211,211,
 1,   98,  0.010,  0.008,  118,  0.180,  0.161,  118,  0.010,  0.010,   78,  0.200,  0.112,   88,  0.000,  0.000,   80,  0.010,  0.004,
 2,   99,  0.500,  0.407,  119,  0.700,  0.625,  119,  0.000,  0.000,   79,  0.480,  0.268,   89,  0.370,  0.416,   90,  0.520,  0.194,
 3,  109,  0.440,  0.358,  128,  0.240,  0.214,  127,  0.640,  0.660,   80,  0.000,  0.000,   90,  0.010,  0.011,   99,  0.040,  0.015,
 4,  110,  0.200,  0.163,,,,  128,  0.320,  0.330,   88,  0.060,  0.034,   99,  0.380,  0.427,  100,  0.770,  0.287,
 5,  118,  0.020,  0.016,,,,  135,  0.000,  0.000,   89,  0.610,  0.341,  100,  0.130,  0.146,  101,  0.190,  0.071,
 6,  119,  0.060,  0.049,,,,,,,   90,  0.310,  0.173,,,,  109,  0.050,  0.019,
 7,,,,,,,,,,  100,  0.130,  0.073,,,,  110,  0.700,  0.261,
 8,,,,,,,,,,,,,,,,  111,  0.400,  0.149,
 9,,,,,,,,,,,,,,,,,,,
 10,,,,,,,,,,,,,,,,,,,
 11,,,,,,,,,,,,,,,,,,,
 12,,,,,,,,,,,,,,,,,,,
 13,,,,,,,,,,,,,,,,,,,
 14,,,,,,,,,,,,,,,,,,,
 15,,,,,,,,,,,,,,,,,,,
,
,
,
,
N,212,212,212,213,213,213,214,214,214,215,215,215,301,301,301,302,302,302,
 1,  110,  0.160,  0.111,  128,  0.440,  0.326,  127,  0.120,  0.094,  135,  0.170,  0.354,    6,  0.040,  0.011,    3,  0.020,  0.008,
 2,  111,  0.170,  0.118,  129,  0.470,  0.348,  128,  0.020,  0.016,  136,  0.020,  0.042,   13,  0.430,  0.118,    6,  0.390,  0.159,
 3,  119,  0.290,  0.201,  135,  0.110,  0.081,  134,  0.350,  0.276,  144,  0.260,  0.542,   14,  0.310,  0.085,    7,  0.090,  0.037,
 4,  120,  0.700,  0.486,  136,  0.320,  0.237,  135,  0.780,  0.614,  145,  0.030,  0.063,   21,  0.040,  0.011,   13,  0.010,  0.004,
 5,  128,  0.030,  0.021,  145,  0.010,  0.007,  144,  0.000,  0.000,,,,   22,  0.760,  0.208,   14,  0.350,  0.142,
 6,  129,  0.090,  0.063,,,,,,,,,,   23,  0.420,  0.115,   15,  0.040,  0.016,
 7,,,,,,,,,,,,,   30,  0.020,  0.005,   22,  0.030,  0.012,
 8,,,,,,,,,,,,,   31,  0.820,  0.225,   23,  0.420,  0.171,
 9,,,,,,,,,,,,,   32,  0.210,  0.058,   24,  0.180,  0.073,
 10,,,,,,,,,,,,,   39,  0.040,  0.011,   31,  0.030,  0.012,
 11,,,,,,,,,,,,,   40,  0.560,  0.153,   32,  0.600,  0.244,
 12,,,,,,,,,,,,,,,,   33,  0.080,  0.033,
 13,,,,,,,,,,,,,,,,   40,  0.130,  0.053,
 14,,,,,,,,,,,,,,,,   41,  0.090,  0.037,
 15,,,,,,,,,,,,,,,,,,,
,
,
,
,
N,303,303,303,304,304,304,305,305,305,306,306,306,307,307,307,308,308,308,
 1,   40,  0.250,  0.130,   45,  0.140,  0.031,   81,  0.180,  0.084,  164,  0.100,  0.127,  158,  0.450,  0.180,  175,  0.020,  0.017,
 2,   41,  0.790,  0.411,   70,  0.000,  0.000,   91,  0.540,  0.251,  169,  0.300,  0.380,  159,  0.660,  0.264,  176,  0.040,  0.035,
 3,   70,  0.480,  0.250,   71,  0.630,  0.140,  101,  0.350,  0.163,  175,  0.370,  0.468,  163,  0.160,  0.064,  181,  0.270,  0.235,
 4,   71,  0.400,  0.208,   80,  0.060,  0.013,  111,  0.000,  0.000,  181,  0.020,  0.025,  164,  0.570,  0.228,  182,  0.630,  0.548,
 5,   80,  0.000,  0.000,   81,  0.760,  0.169,  168,  0.370,  0.172,,,,  169,  0.330,  0.132,  188,  0.190,  0.165,
 6,  155,  0.000,  0.000,   91,  0.070,  0.016,  174,  0.450,  0.209,,,,  175,  0.240,  0.096,,,,
 7,,,,  101,  0.010,  0.002,  175,  0.120,  0.056,,,,  181,  0.090,  0.036,,,,
 8,,,,  156,  0.590,  0.131,  181,  0.140,  0.065,,,,,,,,,,
 9,,,,  158,  0.550,  0.122,,,,,,,,,,,,,
 10,,,,  163,  0.870,  0.193,,,,,,,,,,,,,
 11,,,,  164,  0.010,  0.002,,,,,,,,,,,,,
 12,,,,  168,  0.670,  0.149,,,,,,,,,,,,,
 13,,,,  169,  0.030,  0.007,,,,,,,,,,,,,
 14,,,,  174,  0.110,  0.024,,,,,,,,,,,,,
 15,,,,,,,,,,,,,,,,,,,
,
,
,
,
N,309,309,309,310,310,310,311,311,311,312,312,312,313,313,313,314,314,314,
 1,    6,  0.020,  0.003,   33,  0.320,  0.076,  159,  0.020,  0.008,  169,  0.230,  0.068,  183,  0.100,  0.116,  161,  0.330,  0.111,
 2,    7,  0.420,  0.068,   41,  0.150,  0.036,  160,  0.030,  0.013,  170,  0.180,  0.053,  188,  0.130,  0.151,  162,  0.050,  0.017,
 3,    8,  0.480,  0.078,   43,  0.560,  0.133,  164,  0.340,  0.142,  171,  0.190,  0.056,  189,  0.370,  0.430,  166,  0.430,  0.144,
 4,    9,  0.200,  0.032,   44,  0.120,  0.028,  165,  0.930,  0.388,  175,  0.290,  0.086,  193,  0.020,  0.023,  167,  0.630,  0.211,
 5,   14,  0.370,  0.060,   45,  0.930,  0.220,  166,  0.020,  0.008,  176,  0.960,  0.284,  194,  0.240,  0.279,  171,  0.150,  0.050,
 6,   15,  0.990,  0.160,   46,  0.470,  0.111,  169,  0.130,  0.054,  177,  0.690,  0.204,,,,  172,  1.000,  0.336,
 7,   16,  0.900,  0.145,  156,  0.490,  0.116,  170,  0.850,  0.354,  182,  0.400,  0.118,,,,  173,  0.050,  0.017,
 8,   17,  0.030,  0.005,  157,  0.760,  0.180,  171,  0.030,  0.013,  183,  0.420,  0.124,,,,  177,  0.020,  0.007,
 9,   23,  0.190,  0.031,  158,  0.040,  0.009,  176,  0.050,  0.021,  188,  0.020,  0.006,,,,  178,  0.300,  0.101,
 10,   24,  0.870,  0.141,  159,  0.330,  0.078,,,,  189,  0.000,  0.000,,,,  179,  0.020,  0.007,
 11,   25,  0.620,  0.100,  160,  0.050,  0.012,,,,,,,,,,,,,
 12,   32,  0.240,  0.039,,,,,,,,,,,,,,,,
 13,   33,  0.640,  0.103,,,,,,,,,,,,,,,,
 14,   42,  0.030,  0.005,,,,,,,,,,,,,,,,
 15,   43,  0.190,  0.031,,,,,,,,,,,,,,,,
,
,
,
,
N,315,315,315,316,316,316,317,317,317,318,318,318,401,401,401,402,402,402,
 1,  177,  0.010,  0.005,  178,  0.010,  0.007,  160,  0.620,  0.196,  189,  0.150,  0.417,   47,  0.170,  0.043,   82,  0.290,  0.433,
 2,  178,  0.750,  0.381,  179,  0.000,  0.000,  161,  0.230,  0.073,  194,  0.190,  0.528,   48,  0.470,  0.119,   83,  0.080,  0.119,
 3,  179,  0.190,  0.096,  184,  0.380,  0.252,  165,  0.100,  0.032,  195,  0.020,  0.056,   49,  0.600,  0.152,   92,  0.300,  0.448,
 4,  183,  0.150,  0.076,  185,  0.050,  0.033,  166,  0.570,  0.180,,,,   50,  0.600,  0.152,,,,
 5,  184,  0.590,  0.299,  189,  0.030,  0.020,  171,  0.640,  0.203,,,,   51,  1.050,  0.265,,,,
 6,  185,  0.010,  0.005,  190,  0.810,  0.536,  177,  0.330,  0.104,,,,   52,  0.040,  0.010,,,,
 7,  189,  0.120,  0.061,  194,  0.010,  0.007,  183,  0.330,  0.104,,,,   53,  0.600,  0.152,,,,
 8,  190,  0.150,  0.076,  195,  0.220,  0.146,  189,  0.340,  0.108,,,,   72,  0.210,  0.053,,,,
 9,,,,,,,,,,,,,   82,  0.150,  0.038,,,,
 10,,,,,,,,,,,,,   92,  0.070,  0.018,,,,
 11,,,,,,,,,,,,,,,,,,,
 12,,,,,,,,,,,,,,,,,,,
 13,,,,,,,,,,,,,,,,,,,
 14,,,,,,,,,,,,,,,,,,,
 15,,,,,,,,,,,,,,,,,,,
,
,
,
,
N,403,403,403,404,404,404,405,405,405,406,406,406,407,407,407,408,408,408,
 1,   72,  0.490,  0.137,   73,  0.010,  0.007,   63,  0.080,  0.043,   84,  0.140,  0.070,   95,  0.430,  0.352,   26,  0.120,  0.136,
 2,   73,  0.390,  0.109,   83,  0.240,  0.162,   73,  0.440,  0.238,   85,  0.270,  0.134,   96,  0.070,  0.057,   27,  0.000,  0.000,
 3,   82,  0.610,  0.171,   84,  0.000,  0.000,   74,  0.090,  0.049,   94,  0.490,  0.244,  105,  0.280,  0.230,   34,  0.420,  0.477,
 4,   83,  0.520,  0.146,   93,  0.520,  0.351,   83,  0.220,  0.119,   95,  0.500,  0.249,  106,  0.300,  0.246,   35,  0.120,  0.136,
 5,   92,  0.630,  0.176,   94,  0.090,  0.061,   84,  0.580,  0.314,  104,  0.610,  0.303,  114,  0.010,  0.008,   65,  0.220,  0.250,
 6,   93,  0.500,  0.140,  102,  0.010,  0.007,   94,  0.350,  0.189,,,,  115,  0.130,  0.107,,,,
 7,  102,  0.390,  0.109,  103,  0.610,  0.412,  103,  0.030,  0.016,,,,,,,,,,
 8,  103,  0.040,  0.011,,,,  104,  0.060,  0.032,,,,,,,,,,
 9,,,,,,,,,,,,,,,,,,,
 10,,,,,,,,,,,,,,,,,,,
 11,,,,,,,,,,,,,,,,,,,
 12,,,,,,,,,,,,,,,,,,,
 13,,,,,,,,,,,,,,,,,,,
 14,,,,,,,,,,,,,,,,,,,
 15,,,,,,,,,,,,,,,,,,,
,
,
,
,
N,409,409,409,410,410,410,411,411,411,412,412,412,413,413,413,414,414,414,
 1,   34,  0.130,  0.140,   63,  0.040,  0.024,   65,  0.140,  0.047,   35,  0.010,  0.004,   94,  0.090,  0.043,   96,  0.240,  0.119,
 2,   35,  0.000,  0.000,   64,  0.330,  0.201,   73,  0.000,  0.000,   65,  0.310,  0.112,   95,  0.090,  0.043,  106,  0.580,  0.287,
 3,   63,  0.110,  0.118,   65,  0.150,  0.091,   74,  0.200,  0.067,   66,  0.480,  0.173,  104,  0.100,  0.047,  107,  0.010,  0.005,
 4,   64,  0.600,  0.645,   73,  0.070,  0.043,   75,  0.690,  0.231,   67,  0.080,  0.029,  105,  0.740,  0.351,  115,  0.740,  0.366,
 5,   65,  0.090,  0.097,   74,  0.740,  0.451,   76,  0.090,  0.030,   75,  0.050,  0.018,  114,  0.760,  0.360,  116,  0.150,  0.074,
 6,,,,   75,  0.310,  0.189,   84,  0.310,  0.104,   76,  0.950,  0.342,  115,  0.160,  0.076,  124,  0.300,  0.149,
 7,,,,,,,   85,  0.780,  0.261,   77,  0.300,  0.108,  123,  0.150,  0.071,,,,
 8,,,,,,,   86,  0.400,  0.134,   86,  0.550,  0.198,  124,  0.020,  0.009,,,,
 9,,,,,,,   95,  0.020,  0.007,   87,  0.030,  0.011,,,,,,,
 10,,,,,,,   96,  0.360,  0.120,   96,  0.020,  0.007,,,,,,,
 11,,,,,,,,,,,,,,,,,,,
 12,,,,,,,,,,,,,,,,,,,
 13,,,,,,,,,,,,,,,,,,,
 14,,,,,,,,,,,,,,,,,,,
 15,,,,,,,,,,,,,,,,,,,
,
,
,
,
N,415,415,415,416,416,416,417,417,417,418,418,418,419,419,419,420,420,420,
 1,  115,  0.010,  0.006,  115,  0.020,  0.014,  103,  0.290,  0.091,  104,  0.200,  0.147,  123,  0.280,  0.217,  130,  0.020,  0.022,
 2,  124,  0.390,  0.217,  116,  0.250,  0.171,  104,  0.060,  0.019,  105,  0.020,  0.015,  124,  0.280,  0.217,  131,  0.090,  0.100,
 3,  125,  0.150,  0.083,  124,  0.050,  0.034,  112,  0.780,  0.245,  113,  0.200,  0.147,  130,  0.480,  0.372,  139,  0.450,  0.500,
 4,  131,  0.680,  0.378,  125,  0.530,  0.363,  113,  0.850,  0.267,  114,  0.280,  0.206,  131,  0.250,  0.194,  140,  0.340,  0.378,
 5,  132,  0.150,  0.083,  131,  0.030,  0.021,  114,  0.010,  0.003,  122,  0.010,  0.007,,,,,,,
 6,  140,  0.200,  0.111,  132,  0.440,  0.301,  121,  0.300,  0.094,  123,  0.590,  0.434,,,,,,,
 7,  141,  0.220,  0.122,  141,  0.140,  0.096,  122,  0.880,  0.277,  130,  0.060,  0.044,,,,,,,
 8,,,,,,,  123,  0.010,  0.003,,,,,,,,,,
 9,,,,,,,,,,,,,,,,,,,
 10,,,,,,,,,,,,,,,,,,,
 11,,,,,,,,,,,,,,,,,,,
 12,,,,,,,,,,,,,,,,,,,
 13,,,,,,,,,,,,,,,,,,,
 14,,,,,,,,,,,,,,,,,,,
 15,,,,,,,,,,,,,,,,,,,
,
,
,
,
N,421,421,421,422,422,422,501,501,501,502,502,502,503,503,503,504,504,504,
 1,  139,  0.070,  0.091,  141,  0.140,  0.027,    1,  0.250,  0.179,    2,  0.130,  0.140,   11,  0.010,  0.006,    2,  0.110,  0.035,
 2,  140,  0.370,  0.481,  142,  0.110,  0.021,    2,  0.070,  0.050,    4,  0.130,  0.140,   12,  0.350,  0.215,    3,  0.060,  0.019,
 3,  141,  0.180,  0.234,  151,  0.800,  0.154,    4,  0.670,  0.479,    5,  0.350,  0.376,   19,  0.020,  0.012,    5,  0.660,  0.210,
 4,  149,  0.080,  0.104,  152,  0.760,  0.146,    5,  0.030,  0.021,   11,  0.050,  0.054,   20,  0.610,  0.374,    6,  0.480,  0.152,
 5,  150,  0.050,  0.065,  153,  0.000,  0.000,   11,  0.370,  0.264,   12,  0.250,  0.269,   21,  0.030,  0.018,   12,  0.430,  0.137,
 6,  151,  0.020,  0.026,  211,  0.500,  0.096,   12,  0.010,  0.007,   19,  0.010,  0.011,   28,  0.210,  0.129,   13,  0.500,  0.159,
 7,,,,  212,  1.050,  0.202,,,,   20,  0.010,  0.011,   29,  0.400,  0.245,   20,  0.210,  0.067,
 8,,,,  213,  0.400,  0.077,,,,,,,,,,   21,  0.590,  0.187,
 9,,,,  221,  0.030,  0.006,,,,,,,,,,   29,  0.110,  0.035,
 10,,,,  222,  0.790,  0.152,,,,,,,,,,,,,
 11,,,,  223,  0.560,  0.108,,,,,,,,,,,,,
 12,,,,  231,  0.030,  0.006,,,,,,,,,,,,,
 13,,,,  232,  0.030,  0.006,,,,,,,,,,,,,
 14,,,,,,,,,,,,,,,,,,,
 15,,,,,,,,,,,,,,,,,,,
,
,
,
,
N,505,505,505,506,506,506,507,507,507,508,508,508,509,509,509,510,510,510,
 1,   77,  0.410,  0.205,   86,  0.040,  0.020,  106,  0.040,  0.035,  116,  0.020,  0.074,  116,  0.300,  0.667,  125,  0.260,  0.210,
 2,   86,  0.050,  0.025,   87,  0.040,  0.020,  107,  0.140,  0.122,  117,  0.190,  0.704,  125,  0.130,  0.289,  126,  0.050,  0.040,
 3,   87,  0.750,  0.375,   96,  0.330,  0.168,  116,  0.170,  0.148,  125,  0.000,  0.000,  126,  0.020,  0.044,  132,  0.470,  0.379,
 4,   97,  0.390,  0.195,   97,  0.490,  0.249,  117,  0.450,  0.391,  126,  0.060,  0.222,,,,  133,  0.090,  0.073,
 5,  107,  0.200,  0.100,  106,  0.110,  0.056,  118,  0.050,  0.043,,,,,,,  141,  0.340,  0.274,
 6,  108,  0.180,  0.090,  107,  0.680,  0.345,  126,  0.110,  0.096,,,,,,,  142,  0.030,  0.024,
 7,  117,  0.020,  0.010,  116,  0.150,  0.076,  127,  0.190,  0.165,,,,,,,,,,
 8,,,,  117,  0.130,  0.066,,,,,,,,,,,,,
 9,,,,,,,,,,,,,,,,,,,
 10,,,,,,,,,,,,,,,,,,,
 11,,,,,,,,,,,,,,,,,,,
 12,,,,,,,,,,,,,,,,,,,
 13,,,,,,,,,,,,,,,,,,,
 14,,,,,,,,,,,,,,,,,,,
 15,,,,,,,,,,,,,,,,,,,
,
,
,
,
N,511,511,511,512,512,512,513,513,513,514,514,514,515,515,515,516,516,516,
 1,  133,  0.090,  0.155,  117,  0.160,  0.105,  126,  0.120,  0.103,  127,  0.010,  0.006,  143,  0.490,  0.331,  152,  0.000,  0.000,
 2,  141,  0.030,  0.052,  126,  0.810,  0.533,  127,  0.070,  0.060,  134,  0.500,  0.287,  144,  0.200,  0.135,  153,  0.320,  0.314,
 3,  142,  0.450,  0.776,  132,  0.020,  0.013,  133,  0.450,  0.385,  142,  0.160,  0.092,  153,  0.500,  0.338,  213,  0.630,  0.618,
 4,  152,  0.010,  0.017,  133,  0.430,  0.283,  134,  0.200,  0.171,  143,  0.480,  0.276,  154,  0.200,  0.135,  214,  0.060,  0.059,
 5,,,,  142,  0.100,  0.066,  142,  0.240,  0.205,  144,  0.020,  0.011,  213,  0.060,  0.041,  223,  0.010,  0.010,
 6,,,,,,,  143,  0.090,  0.077,  152,  0.330,  0.190,  214,  0.030,  0.020,,,,
 7,,,,,,,,,,  153,  0.240,  0.138,,,,,,,
 8,,,,,,,,,,,,,,,,,,,
 9,,,,,,,,,,,,,,,,,,,
 10,,,,,,,,,,,,,,,,,,,
 11,,,,,,,,,,,,,,,,,,,
 12,,,,,,,,,,,,,,,,,,,
 13,,,,,,,,,,,,,,,,,,,
 14,,,,,,,,,,,,,,,,,,,
 15,,,,,,,,,,,,,,,,,,,
,
,
,
,
N,601,601,601,602,602,602,603,603,603,604,604,604,605,605,605,606,606,606,
 1,   54,  0.230,  0.060,  137,  0.480,  0.289,  146,  0.240,  0.136,  147,  0.050,  0.048,  147,  0.220,  0.079,  217,  0.010,  0.011,
 2,   55,  0.230,  0.060,  138,  0.290,  0.175,  147,  0.650,  0.367,  207,  0.650,  0.625,  148,  0.270,  0.097,  218,  0.530,  0.609,
 3,   56,  0.420,  0.109,  146,  0.650,  0.392,  206,  0.590,  0.333,  216,  0.000,  0.000,  206,  0.060,  0.022,  219,  0.040,  0.046,
 4,   57,  0.540,  0.140,  147,  0.060,  0.036,  207,  0.250,  0.141,  217,  0.340,  0.327,  207,  0.180,  0.065,  227,  0.290,  0.333,
 5,   58,  0.270,  0.070,  206,  0.180,  0.108,  216,  0.040,  0.023,,,,  208,  0.600,  0.217,,,,
 6,   59,  0.940,  0.244,,,,  217,  0.000,  0.000,,,,  216,  0.150,  0.054,,,,
 7,   60,  0.000,  0.000,,,,,,,,,,  217,  0.670,  0.242,,,,
 8,   61,  0.680,  0.177,,,,,,,,,,  218,  0.480,  0.173,,,,
 9,   62,  0.030,  0.008,,,,,,,,,,  226,  0.140,  0.051,,,,
 10,  137,  0.340,  0.088,,,,,,,,,,  227,  0.000,  0.000,,,,
 11,  146,  0.150,  0.039,,,,,,,,,,,,,,,,
 12,  206,  0.020,  0.005,,,,,,,,,,,,,,,,
 13,,,,,,,,,,,,,,,,,,,
 14,,,,,,,,,,,,,,,,,,,
 15,,,,,,,,,,,,,,,,,,,
,
,
,
,
N,607,607,607,608,608,608,609,609,609,610,610,610,611,611,611,612,612,612,
 1,  148,  0.060,  0.027,  226,  0.140,  0.109,  219,  0.340,  0.152,  140,  0.140,  0.026,  211,  0.270,  0.293,  211,  0.120,  0.226,
 2,  208,  0.370,  0.169,  227,  0.220,  0.172,  220,  0.010,  0.004,  141,  0.000,  0.000,  220,  0.010,  0.011,  221,  0.260,  0.491,
 3,  209,  0.130,  0.059,  235,  0.040,  0.031,  228,  0.570,  0.256,  150,  0.810,  0.149,  221,  0.580,  0.630,  222,  0.150,  0.283,
 4,  218,  0.020,  0.009,  236,  0.320,  0.250,  229,  0.440,  0.197,  151,  0.230,  0.042,  231,  0.060,  0.065,,,,
 5,  219,  0.380,  0.174,  237,  0.470,  0.367,  237,  0.410,  0.184,  210,  0.960,  0.177,,,,,,,
 6,  226,  0.100,  0.046,  244,  0.090,  0.070,  238,  0.460,  0.206,  211,  0.170,  0.031,,,,,,,
 7,  227,  0.500,  0.228,,,,,,,  220,  0.970,  0.179,,,,,,,
 8,  228,  0.450,  0.205,,,,,,,  221,  0.160,  0.029,,,,,,,
 9,  236,  0.100,  0.046,,,,,,,  229,  0.590,  0.109,,,,,,,
 10,  237,  0.080,  0.037,,,,,,,  230,  0.850,  0.157,,,,,,,
 11,,,,,,,,,,  238,  0.200,  0.037,,,,,,,
 12,,,,,,,,,,  239,  0.350,  0.064,,,,,,,
 13,,,,,,,,,,,,,,,,,,,
 14,,,,,,,,,,,,,,,,,,,
 15,,,,,,,,,,,,,,,,,,,
,
,
,
,
N,613,613,613,614,614,614,701,701,701,702,702,702,703,703,703,704,704,704,
 1,  237,  0.090,  0.155,  232,  0.020,  0.009,  154,  0.020,  0.013,  144,  0.130,  0.065,  155,  0.360,  0.135,  224,  0.470,  0.227,
 2,  238,  0.170,  0.293,  238,  0.290,  0.131,  213,  0.050,  0.033,  145,  0.020,  0.010,  201,  0.000,  0.000,  225,  0.230,  0.111,
 3,  244,  0.320,  0.552,  239,  0.980,  0.443,  214,  0.280,  0.185,  154,  0.830,  0.415,  214,  0.370,  0.139,  233,  0.340,  0.164,
 4,,,,  240,  0.740,  0.335,  223,  0.380,  0.252,  155,  0.270,  0.135,  215,  1.020,  0.382,  234,  0.960,  0.464,
 5,,,,  241,  0.180,  0.081,  224,  0.440,  0.291,  214,  0.700,  0.350,  224,  0.100,  0.037,  243,  0.050,  0.024,
 6,,,,,,,  232,  0.060,  0.040,  215,  0.030,  0.015,  225,  0.600,  0.225,  258,  0.020,  0.010,
 7,,,,,,,  233,  0.280,  0.185,  224,  0.020,  0.010,  250,  0.110,  0.041,,,,
 8,,,,,,,,,,,,,  254,  0.110,  0.041,,,,
 9,,,,,,,,,,,,,,,,,,,
 10,,,,,,,,,,,,,,,,,,,
 11,,,,,,,,,,,,,,,,,,,
 12,,,,,,,,,,,,,,,,,,,
 13,,,,,,,,,,,,,,,,,,,
 14,,,,,,,,,,,,,,,,,,,
 15,,,,,,,,,,,,,,,,,,,
,
,
,
,
N,705,705,705,706,706,706,707,707,707,708,708,708,709,709,709,710,710,710,
 1,  223,  0.020,  0.005,  225,  0.020,  0.021,  234,  0.030,  0.014,  155,  0.060,  0.013,  250,  0.080,  0.033,  254,  0.360,  0.184,
 2,  232,  0.530,  0.131,  234,  0.040,  0.043,  243,  0.090,  0.041,  196,  0.030,  0.006,  251,  0.220,  0.090,  255,  0.190,  0.097,
 3,  233,  0.410,  0.101,  243,  0.080,  0.085,  258,  0.320,  0.147,  201,  0.950,  0.205,  252,  0.310,  0.127,  258,  0.460,  0.235,
 4,  234,  0.010,  0.002,  250,  0.100,  0.106,  259,  0.080,  0.037,  202,  0.890,  0.192,  253,  0.010,  0.004,  259,  0.740,  0.378,
 5,  241,  0.710,  0.175,  254,  0.440,  0.468,  262,  1.000,  0.459,  203,  0.440,  0.095,  254,  0.160,  0.066,  260,  0.210,  0.107,
 6,  242,  1.040,  0.257,  258,  0.260,  0.277,  263,  0.230,  0.106,  250,  0.780,  0.168,  255,  0.870,  0.357,,,,
 7,  243,  0.550,  0.136,,,,  265,  0.380,  0.174,  251,  0.840,  0.181,  256,  0.770,  0.316,,,,
 8,  245,  0.110,  0.027,,,,  266,  0.050,  0.023,  252,  0.640,  0.138,  260,  0.020,  0.008,,,,
 9,  246,  0.600,  0.148,,,,,,,  253,  0.000,  0.000,,,,,,,
 10,  247,  0.070,  0.017,,,,,,,,,,,,,,,,
 11,,,,,,,,,,,,,,,,,,,
 12,,,,,,,,,,,,,,,,,,,
 13,,,,,,,,,,,,,,,,,,,
 14,,,,,,,,,,,,,,,,,,,
 15,,,,,,,,,,,,,,,,,,,
,
,
,
,
N,711,711,711,712,712,712,713,713,713,714,714,714,715,715,715,716,716,716,
 1,  259,  0.210,  0.158,  243,  0.270,  0.146,  247,  0.010,  0.004,  259,  0.060,  0.028,  267,  0.190,  0.112,  272,  0.170,  0.181,
 2,  260,  0.000,  0.000,  246,  0.020,  0.011,  248,  0.360,  0.161,  260,  0.030,  0.014,  269,  0.260,  0.154,  273,  0.460,  0.489,
 3,  263,  0.630,  0.474,  247,  0.810,  0.438,  249,  0.070,  0.031,  263,  0.220,  0.104,  270,  0.490,  0.290,  276,  0.140,  0.149,
 4,  265,  0.140,  0.105,  248,  0.040,  0.022,  265,  0.050,  0.022,  264,  0.090,  0.043,  273,  0.480,  0.284,  277,  0.170,  0.181,
 5,  266,  0.350,  0.263,  262,  0.040,  0.022,  268,  0.740,  0.330,  265,  0.040,  0.019,  274,  0.270,  0.160,,,,
 6,  268,  0.000,  0.000,  265,  0.430,  0.232,  269,  0.070,  0.031,  266,  0.640,  0.303,,,,,,,
 7,,,,  268,  0.240,  0.130,  272,  0.820,  0.366,  267,  0.240,  0.114,,,,,,,
 8,,,,,,,  273,  0.040,  0.018,  268,  0.080,  0.038,,,,,,,
 9,,,,,,,  276,  0.080,  0.036,  269,  0.710,  0.336,,,,,,,
 10,,,,,,,,,,  270,  0.000,  0.000,,,,,,,
 11,,,,,,,,,,  273,  0.000,  0.000,,,,,,,
 12,,,,,,,,,,,,,,,,,,,
 13,,,,,,,,,,,,,,,,,,,
 14,,,,,,,,,,,,,,,,,,,
 15,,,,,,,,,,,,,,,,,,,
,
,
,
,
N,717,717,717,718,718,718,719,719,719,720,720,720,721,721,721,722,722,722,
 1,  277,  0.420,  0.808,  281,  0.040,  0.017,  292,  0.000,  0.000,  293,  0.040,  0.013,  305,  0.020,  0.017,  305,  0.030,  0.020,
 2,  278,  0.010,  0.019,  283,  0.110,  0.047,  293,  0.320,  0.128,  296,  0.230,  0.074,  306,  0.040,  0.035,  306,  0.050,  0.033,
 3,  280,  0.030,  0.058,  284,  0.110,  0.047,  295,  0.140,  0.056,  297,  0.120,  0.038,  308,  0.070,  0.061,  308,  0.090,  0.059,
 4,  281,  0.060,  0.115,  285,  0.480,  0.204,  296,  0.780,  0.312,  300,  0.390,  0.125,  309,  0.190,  0.165,  309,  0.250,  0.164,
 5,,,,  287,  0.080,  0.034,  299,  0.140,  0.056,  301,  0.280,  0.090,  310,  0.020,  0.017,  310,  0.030,  0.020,
 6,,,,  288,  0.720,  0.306,  300,  0.640,  0.256,  303,  0.990,  0.317,  311,  0.130,  0.113,  311,  0.170,  0.112,
 7,,,,  290,  0.370,  0.157,  302,  0.110,  0.044,  304,  0.820,  0.263,  312,  0.380,  0.330,  312,  0.510,  0.336,
 8,,,,  293,  0.440,  0.187,  303,  0.070,  0.028,  305,  0.000,  0.000,  313,  0.070,  0.061,  313,  0.090,  0.059,
 9,,,,,,,  305,  0.070,  0.028,  306,  0.140,  0.045,  314,  0.100,  0.087,  314,  0.120,  0.079,
 10,,,,,,,  308,  0.070,  0.028,  307,  0.110,  0.035,  315,  0.130,  0.113,  315,  0.180,  0.118,
 11,,,,,,,  311,  0.100,  0.040,,,,,,,,,,
 12,,,,,,,  314,  0.060,  0.024,,,,,,,,,,
 13,,,,,,,,,,,,,,,,,,,
 14,,,,,,,,,,,,,,,,,,,
 15,,,,,,,,,,,,,,,,,,,
,
,
,
,
N,723,723,723,724,724,724,725,725,725,726,726,726,727,727,727,728,728,728,
 1,  305,  0.010,  0.029,  288,  0.060,  0.023,  286,  0.150,  0.200,  281,  0.190,  0.123,  278,  0.020,  0.033,  222,  0.100,  0.045,
 2,  306,  0.010,  0.029,  289,  0.110,  0.043,  288,  0.120,  0.160,  282,  0.140,  0.090,  281,  0.570,  0.934,  223,  0.080,  0.036,
 3,  308,  0.020,  0.057,  290,  0.180,  0.070,  289,  0.480,  0.640,  283,  0.100,  0.065,  282,  0.010,  0.016,  230,  0.170,  0.076,
 4,  309,  0.060,  0.171,  291,  0.560,  0.218,,,,  284,  0.750,  0.484,  283,  0.010,  0.016,  231,  0.930,  0.415,
 5,  310,  0.010,  0.029,  293,  0.080,  0.031,,,,  285,  0.330,  0.213,,,,  232,  0.380,  0.170,
 6,  311,  0.040,  0.114,  294,  0.960,  0.374,,,,  288,  0.040,  0.026,,,,  239,  0.190,  0.085,
 7,  312,  0.110,  0.314,  297,  0.530,  0.206,,,,,,,,,,  240,  0.380,  0.170,
 8,  313,  0.020,  0.057,  298,  0.010,  0.004,,,,,,,,,,  241,  0.010,  0.004,
 9,  314,  0.030,  0.086,  301,  0.080,  0.031,,,,,,,,,,,,,
 10,  315,  0.040,  0.114,,,,,,,,,,,,,,,,
 11,,,,,,,,,,,,,,,,,,,
 12,,,,,,,,,,,,,,,,,,,
 13,,,,,,,,,,,,,,,,,,,
 14,,,,,,,,,,,,,,,,,,,
 15,,,,,,,,,,,,,,,,,,,
,
,
,
,
N,801,801,801,802,802,802,803,803,803,
 1,    1,  0.010,  1.000,    1,  0.010,  1.000,    1,  0.010,  1.000,
 2,,,,,,,,,,
 3,,,,,,,,,,
 4,,,,,,,,,,
 5,,,,,,,,,,
 6,,,,,,,,,,
 7,,,,,,,,,,
 8,,,,,,,,,,
 9,,,,,,,,,,
 10,,,,,,,,,,
 11,,,,,,,,,,
 12,,,,,,,,,,
 13,,,,,,,,,,
 14,,,,,,,,,,
 15,,,,,,,,,,
,
,
,
,
